{"count":1,"self":0.748628,"total":20.793712,"children":{"InitializeActuators":{"count":1,"self":0.002908,"total":0.002908,"children":null},"InitializeSensors":{"count":1,"self":0.0048389999999999996,"total":0.0048389999999999996,"children":null},"AgentSendState":{"count":1375,"self":0.0071769999999999994,"total":0.067945999999999993,"children":{"CollectObservations":{"count":1375,"self":0.0066489999999999995,"total":0.0066489999999999995,"children":null},"WriteActionMask":{"count":1375,"self":0.001145,"total":0.001145,"children":null},"RequestDecision":{"count":1375,"self":0.005397,"total":0.052974999999999994,"children":{"AgentInfo.ToProto":{"count":1375,"self":0.0044719999999999994,"total":0.047577999999999995,"children":{"GenerateSensorData":{"count":1375,"self":0.043106,"total":0.043106,"children":null}}}}}}},"DecideAction":{"count":1375,"self":19.9499984,"total":19.949999,"children":null},"AgentAct":{"count":1375,"self":0.016007,"total":0.01619,"children":{"AgentInfo.ToProto":{"count":8,"self":1.8E-05,"total":0.000183,"children":{"GenerateSensorData":{"count":8,"self":0.000165,"total":0.000165,"children":null}}}}}},"gauges":{"My Behavior.CumulativeReward":{"count":8,"max":-0.6874858,"min":-0.7210288,"runningAverage":-0.6919187,"value":-0.6878095,"weightedAverage":-0.6922281}},"metadata":{"timer_format_version":"0.1.0","start_time_seconds":"1636540253","unity_version":"2021.1.27f1","command_line_arguments":"\/data\/private\/JORLDY\/jorldy\/.\/core\/env\/mlagents\/Hopper\/Server\/Hopper.x86_64 --mlagents-port 28267","communication_protocol_version":"1.5.0","com.unity.ml-agents_version":"2.0.0-exp.1","scene_name":"Hopper","end_time_seconds":"1636540274"}}