{"count":1,"self":39.613961599999996,"total":177.799115,"children":{"InitializeActuators":{"count":2,"self":0.0018599999999999999,"total":0.0018599999999999999,"children":null},"InitializeSensors":{"count":2,"self":0.008309,"total":0.008309,"children":null},"AgentSendState":{"count":96449,"self":0.11984199999999999,"total":11.480349,"children":{"CollectObservations":{"count":19355,"self":1.5013509999999999,"total":1.5013509999999999,"children":null},"WriteActionMask":{"count":19355,"self":0.0099759999999999988,"total":0.0099759999999999988,"children":null},"RequestDecision":{"count":19355,"self":0.031991,"total":9.8491799999999987,"children":{"AgentInfo.ToProto":{"count":19355,"self":0.059383,"total":9.8171889999999991,"children":{"GenerateSensorData":{"count":19355,"self":1.353249,"total":9.757806,"children":{"RenderTextureSensor.GetCompressedObservation":{"count":96775,"self":8.4045568,"total":8.404557,"children":null}}}}}}}}},"DecideAction":{"count":96449,"self":126.29643519999999,"total":126.296436,"children":null},"AgentAct":{"count":96449,"self":0.330287,"total":0.353663,"children":{"AgentInfo.ToProto":{"count":50,"self":0.000112,"total":0.023375999999999997,"children":{"GenerateSensorData":{"count":50,"self":0.002911,"total":0.023264,"children":{"RenderTextureSensor.GetCompressedObservation":{"count":250,"self":0.020353,"total":0.020353,"children":null}}}}}}},"AgentInfo.ToProto":{"count":84,"self":0.000258,"total":0.043164999999999995,"children":{"GenerateSensorData":{"count":84,"self":0.005167,"total":0.042907,"children":{"RenderTextureSensor.GetCompressedObservation":{"count":420,"self":0.037739999999999996,"total":0.037739999999999996,"children":null}}}}}},"gauges":{"My Behavior.CumulativeReward":{"count":134,"max":1.0624944,"min":-3.30254555,"runningAverage":-0.6927014,"value":-0.6885611,"weightedAverage":-0.330941737}},"metadata":{"timer_format_version":"0.1.0","start_time_seconds":"1637548782","unity_version":"2021.1.6f1","command_line_arguments":"\/data\/private\/JORLDY\/jorldy\/.\/core\/env\/mlagents\/DroneDelivery\/Linux\/DroneDelivery.x86_64 -nographics -batchmode --mlagents-port 5009","communication_protocol_version":"1.5.0","com.unity.ml-agents_version":"2.1.0-exp.1","scene_name":"TrainScene","end_time_seconds":"1637548960"}}e","end_time_seconds":"1637548960"}}